<keymap version="1" name="fixed" parent="$default">
  <action id="CodeCompletion">
    <keyboard-shortcut first-keystroke="alt slash" />
  </action>
  <action id="Console.TableResult.SelectRow" />
  <action id="HippieBackwardCompletion">
    <keyboard-shortcut first-keystroke="shift alt space" />
  </action>
  <action id="HippieCompletion">
    <keyboard-shortcut first-keystroke="shift space" />
  </action>
  <action id="Scala.ShowImplicits">
    <keyboard-shortcut first-keystroke="shift ctrl alt equals" />
    <keyboard-shortcut first-keystroke="shift ctrl alt add" />
  </action>
  <action id="SmartTypeCompletion">
    <keyboard-shortcut first-keystroke="shift ctrl space" />
    <keyboard-shortcut first-keystroke="shift alt slash" />
  </action>
</keymap>